{
  "n_floors": 1,
  "base": {
    "E": 2.1e11,
    "rho": 7849.0476,
    "Lc": 0.25,
    "H": 0.25,
    "B": 0.5,
    "t": 0.002,
    "Ac": 6e-05,
    "Ic_y": 2e-11,
    "Ic_x": 4.5e-09,
    "kx1": 100.0,
    "kx2": 200.0,
    "ky1": 100.0,
    "ky2": 200.0,
    "A_b_B": 1e-5,
    "A_b_H": 0.0,
    "Ib_y_B": 6.666666666666667e-05,
    "Ib_y_H": 8.333333333333333e-13,
    "m_center_extra": 0.0,
    "m_corner_extra": 0.0
  }
}
